#Name,mass,position_1,position_2,position_3,velocity_1,velocity_2,velocity_3,diameter,Color
body,2.9587159771767398e+26,-1755178546759.3, 210310194670.73, 580076141483.48,-6486.89, -2417.21, 6698.43,2.0000690802966985,#ffffbf
body,1.701583303983211e+26,-4549807980066.04, -2530791359836.99, 328790807142.88,-2887.5, -6300.17, 5268.5,4.503210783092609,#ffffbf
