#Name,mass,position_1,position_2,position_3,velocity_1,velocity_2,velocity_3,diameter,Color
body,3.8635834403788385e+24,-4527584604128.12, -1070937172687.57, 567828663360.55,-5077.9, 13356.95, -1945.47,2.000041873150061,#ffffbf
