#Name,mass,position_1,position_2,position_3,velocity_1,velocity_2,velocity_3,diameter,Color
body,3.6049161031341595e+27,-2399428495935.92, -1525212628184.97, 452801283306.34,-6487.09, 31335.08, 5853.68,2.0046433226198066,#ffffbf
