#Name,mass,position_1,position_2,position_3,velocity_1,velocity_2,velocity_3,diameter,Color
body,4.962955436574721e+27,-1082845208941.29, -2802984337110.39, 981831082672.83,-6444.71, 5668.95, 4642.28,2.0003445756130893,#ffffbf
body,9.934382810831424e+29,-4504433093081.36, -413303725540.9, 1064786371550.27,-3699.25, 13278.82, 4495.22,4.659581650599595,#ffffbf
