#Name,mass,position_1,position_2,position_3,velocity_1,velocity_2,velocity_3,diameter,Color
body,9.949868775786634e+29,-2345367044078.92, -3205448268201.83, 258761671795.21,-2924.34, 20930.45, 2590.98,4.498347743470495,#ffffbf
body,8.596290768479145e+24,-4535000923634.2, -937516509910.5, 674447306662.07,-6486.88, 4110.61, 4786.66,2.0028130773067097,#ffffbf
