#Name,mass,position_1,position_2,position_3,velocity_1,velocity_2,velocity_3,diameter,Color
body,2.647234645193918e+24,-4501117266752.56, -2795571675169.44, 1022326401895.29,-2113.48, 2523.54, 4938.95,4.501159803661103,#ffffbf
body,9.976114991740231e+29,-1103648254396.13, -1210883735814.12, 157535137213.57,-6480.98, 35408.25, 4005.03,2.006349127277309,#ffffbf
