#Name,mass,position_1,position_2,position_3,velocity_1,velocity_2,velocity_3,diameter,Color
body,1.8715361981646102e+25,-4548353353056.01, -2507598409506.64, 1063263754233.54,-6436.56, -494.7, 1916.43,2.0002141471584864,#ffffbf
