#Name,mass,position_1,position_2,position_3,velocity_1,velocity_2,velocity_3,diameter,Color
body,1.7117207741173197e+26,-2373230681638.44, -1539633352269.13, -17435565516.22,-2150.28, 25473.63, 1814.24,1.44,#ffffbf
body,2.95877074971631e+26,-1736230283945.14, -1634574593335.02, 648225703577.06,-6466.6, 33854.14, 5153.78,5.93,#ffffbf
