#Name,mass,position_1,position_2,position_3,velocity_1,velocity_2,velocity_3,diameter,Color
body,1.179156864028285e+30,-2364056206144.24, -3424778041640.16, 317631790848.48,-5811.32, -8410.27, -1723.23,2.0004391600374003,#ffffbf
body,9.549504820204288e+22,-4540345506707.24, -2084056550803.3, 240155799835.26,-5444.29, -10973.35, -1550.9,4.655112158442854,#ffffbf
