#Name,mass,position_1,position_2,position_3,velocity_1,velocity_2,velocity_3,diameter,Color
body,5.156362176589383e+27,-4549549574736.55, -3129413629586.81, 232437846444.95,-5111.18, 13455.12, 751.17,2.0113984151495963,#ffffbf
