#Name,mass,position_1,position_2,position_3,velocity_1,velocity_2,velocity_3,diameter,Color
body,1.6227651428395244e+26,-2363705069582.65, -1419291175766.53, 105999949954.53,-6448.41, 29704.79, 1676.01,2.00539109477824,#ffffbf
