#Name,mass,position_1,position_2,position_3,velocity_1,velocity_2,velocity_3,diameter,Color
body,1.9818920398380795e+27,-2319740358698.86, -1323266052137.16, 466618302615.77,-5205.76, 27107.46, 3502.49,2.000035245498251,#ffffbf
