#Name,mass,position_1,position_2,position_3,velocity_1,velocity_2,velocity_3,diameter,Color
body,1.6047323358666436e+26,-2372788839645.87, -1674248781354.3, 642631078859.19,-6387.88, 21970.28, 2856.95,2.013109309125276,#ffffbf
