#Name,mass,position_1,position_2,position_3,velocity_1,velocity_2,velocity_3,diameter,Color
body,9.923116162991278e+29,-2418298247487.4, -1285501802958.87, 467564839908.99,-5193.05, 24279.82, 2856.75,4.657589384434228,#ffffbf
body,1.1803624914047347e+27,-1733249488939.27, -1455286430626.93, -52590431647.92,-2938.87, 24365.1, 3994.78,2.000631299562694,#ffffbf
