#Name,mass,position_1,position_2,position_3,velocity_1,velocity_2,velocity_3,diameter,Color
body,1.1133022967213117e+30,-4526230497137.21, -1844788362587.3, 683183632217.28,-16.71, 158.05, 73.29,2.0001022690076398,#ffffbf
